{
    "mae": 7.67451703126343,
    "rmse": 9.525136883667606,
    "train_samples": 1600,
    "test_samples": 400
}